{
  "camera_matrix": [
    [
      2856.0000000000005,
      0,
      2142.0
    ],
    [
      0,
      2856.0000000000005,
      2856.0
    ],
    [
      0,
      0,
      1
    ]
  ],
  "image_size": [
    4284,
    5712
  ],
  "focal_length_mm": 6.8,
  "focal_length_35mm": 24.0,
  "sensor_width_mm": 10.2,
  "fx": 2856.0000000000005,
  "fy": 2856.0000000000005,
  "cx": 2142.0,
  "cy": 2856.0
}